ASIN,Brand,Title,Retail_Price_USD,Deal_Price_USD,Discount_Percent,Canonical_Deal_URL,Last_Verified_At
B07F1SK4DJ,OLEVS,"OLEVS Men's Black Leather Watch – Ultra‑Thin 6.5mm Minimalist Dress & Casual Waterproof Date Watch",328.00,27.01,92,https://thefashiondeals.com/deal/olevs-men-leather-watches-black-ultra-thin-65mm-minimalist-dress-fashion-simple-casual-waterproof-date-watch-for-men-b07f1sk4dj?utm_source=weekly_index_csv,"2026-09-17 12:00:29"
B0GST6SF52,OLEVS,"OLEVS Automatic Watch for Men Mechanical Self Winding Watches Luxury Stainless Steel Luminous Waterproof Calendar Mens Watch Silver Black",988.00,108.00,89,https://thefashiondeals.com/deal/olevs-automatic-watch-for-men-mechanical-self-winding-watches-luxury-stainless-s-b0gst6sf52?utm_source=weekly_index_csv,"2026-09-17 12:00:28"
B0DSJB3DY6,OLEVS,"OLEVS Watch Men Luxury Silver Stainless Steel Dress Wrist Analog Quartz Waterproof Watches for Men Fashion Luminous Nice Large Face Minimalist Mens Watches Relojes para Hombres",368.00,43.77,88,https://thefashiondeals.com/deal/olevs-watch-men-luxury-silver-stainless-steel-dress-wrist-analog-quartz-waterpro-b0dsjb3dy6?utm_source=weekly_index_csv,"2026-09-17 12:00:46"
B0BK11BV64,OLEVS,"OLEVS Men's Diamond Business Dress Watch – Stainless Steel Waterproof Two‑Tone Analog Quartz with Luminous Date – Blue Luxury Casual Wristwatch",368.00,43.77,88,https://thefashiondeals.com/deal/olevs-watch-for-men-diamond-business-dress-analog-quartz-stainless-steel-waterproof-luminous-date-two-tone-luxury-casual-b0bk11bv64?utm_source=weekly_index_csv,"2026-09-17 12:00:53"
B07PV2TKMY,OLEVS,"OLEVS Gold Watches for Women Luxury Dress Analog Lady Watch for Ladies Stainless Steel Waterproof Luminous Elegant Female Wrist Watch",256.00,33.77,87,https://thefashiondeals.com/deal/olevs-gold-watches-for-women-luxury-dress-analog-lady-watch-for-ladies-stainless-steel-waterproof-luminous-elegant-femal-b07pv2tkmy?utm_source=weekly_index_csv,"2026-09-17 12:00:41"
B07Z8ZCTXG,OLEVS,"OLEVS Watch Men Gold Watches for Men Luxury Big Face Metal Dress Watches",298.77,42.77,86,https://thefashiondeals.com/deal/olevs-watch-men-gold-watches-for-men-luxury-big-face-metal-dress-watches-b07z8zctxg?utm_source=weekly_index_csv,"2026-09-17 12:00:40"
B0F8TY1PZK,OLEVS,"OLEVS Black Watches for Men Luxury Tonneau Square Skeleton Dress Mens Watch",368.00,49.77,86,https://thefashiondeals.com/deal/olevs-black-watches-for-men-luxury-tonneau-square-skeleton-dress-mens-watch-b0f8ty1pzk?utm_source=weekly_index_csv,"2026-09-17 12:00:41"
B0D7C5SNB6,OLEVS,"OLEVS Blue Men's Analog Dress Watch – Luxury Black Face Gift for Men",298.77,42.77,86,https://thefashiondeals.com/deal/olevs-blue-mens-watches-black-analog-dress-gift-nice-luxury-watches-for-men-b0d7c5snb6?utm_source=weekly_index_csv,"2026-09-17 12:00:34"
B0D7C6CRNC,OLEVS,"OLEVS Men's Black Analog Casual Luxury Watch – Big Face, Classic Style",298.77,42.77,86,https://thefashiondeals.com/deal/olevs-watch-men-black-watches-for-men-analog-casual-big-luxury-mens-watches-b0d7c6crnc?utm_source=weekly_index_csv,"2026-09-17 12:00:52"
B0DQXS9JF7,OLEVS,"OLEVS Watch Men Gold Watches for Men Classic Mens Luxury Watches Waterproof",298.77,43.77,85,https://thefashiondeals.com/deal/olevs-watch-men-gold-watches-for-men-classic-mens-luxury-watches-waterproof-b0dqxs9jf7?utm_source=weekly_index_csv,"2026-09-17 12:00:34"
B07X7MC5LQ,BENYAR,"BENYAR Men's Waterproof Chronograph Luminous Date Watch with Stainless Steel Bracelet – Classic Large Dial Analogue Quartz – Ideal Gift in Brown, Black or Blue",298.99,43.98,85,https://thefashiondeals.com/deal/by-benyar-mens-chronograph-waterproof-luminous-date-watches-stainless-steel-bracelet-large-dial-classic-business-fashio-b07x7mc5lq?utm_source=weekly_index_csv,"2026-09-17 12:00:35"
B07VDF1Q38,OLEVS,"OLEVL Men's Black Luxury Analog Watch – Silver Dial, Waterproof, Elegant Timepiece",298.77,43.77,85,https://thefashiondeals.com/deal/olevs-watch-men-black-watches-for-men-silver-luxury-analog-waterproof-b07vdf1q38?utm_source=weekly_index_csv,"2026-09-17 12:00:59"
B0CQ9VHBH6,Dickies,"Dickies Men's Skinny Straight Double Knee Work Pants - Durable, Slim Fit, Industrial Uniform & Workwear,English Red, 30W x 32L",34.99,5.48,84,https://thefashiondeals.com/deal/dickies-mens-skinny-straight-double-knee-work-pants-durable-slim-fit-industrial-uniform-workwearenglish-red-30w-b0cq9vhbh6?utm_source=weekly_index_csv,"2026-09-17 12:00:46"
B0BFD745BT,"La Blanca","La Blanca Women's Island Goddess One Shoulder Keyhole Tankini Swimsuit Top, Azul, 4",93.00,16.32,82,https://thefashiondeals.com/deal/la-blanca-womens-island-goddess-one-shoulder-keyhole-tankini-swimsuit-top-azul-4-b0bfd745bt?utm_source=weekly_index_csv,"2026-09-17 12:33:14"
B0DGD71ZH6,OLEVS,"OLEVS Watches for Men Skeleton Business Dress Gold Face Gold Stainless Steel Waterproof Luminous Mens Wrist Watches",248.00,43.77,82,https://thefashiondeals.com/deal/olevs-watches-for-men-skeleton-business-dress-gold-face-gold-stainless-steel-wat-b0dgd71zh6?utm_source=weekly_index_csv,"2026-09-13 13:58:20"
B0DSGN94P5,Vince,"Vince Women's Marcela Sandals, Gold, 8 Medium US",350.00,66.73,81,https://thefashiondeals.com/deal/vince-womens-marcela-sandals-gold-8-medium-us-b0dsgn94p5?utm_source=weekly_index_csv,"2026-09-17 12:40:11"
B0FCLP4493,OLEVS,"OLEVS Wood Luxury Dress Chronograph Watch for Men – 42mm Large Dial, Stainless Steel, Waterproof, Vintage Style Gift",338.00,62.66,81,https://thefashiondeals.com/deal/olevs-watches-for-men-wood-luxury-dress-chronograph-wirst-watches-42mm-large-dial-stainless-steel-waterproof-analog-quar-b0fclp4493?utm_source=weekly_index_csv,"2026-09-17 12:00:47"
B0DX43XXWY,"Badgley Mischka","Badgley Mischka Vayla Mule Sandal, Leopard, 6.5",295.00,57.69,80,https://thefashiondeals.com/deal/badgley-mischka-vayla-mule-sandal-leopard-65-b0dx43xxwy?utm_source=weekly_index_csv,"2026-09-17 12:00:47"
B0DPJBD9XP,"Lucky Brand","Lucky Brand Women's Pebina Cross Band Wedge Sandals, Black, 9 Medium",99.00,19.39,80,https://thefashiondeals.com/deal/lucky-brand-womens-pebina-cross-band-wedge-sandals-black-9-medium-b0dpjbd9xp?utm_source=weekly_index_csv,"2026-09-17 12:00:53"
B08DBSSRC2,"The Children's Place","The Children’s Place Boys French Terry Casual Shorts 3‑Pack – Small US, Black, Smoke Gray, New Navy",50.95,10.36,80,https://thefashiondeals.com/deal/the-childrens-place-boys-french-terry-casual-shorts-blacksmoke-graynew-navy-3-pack-small-us-b08dbssrc2?utm_source=weekly_index_csv,"2026-09-17 12:01:56"
B0F1DP1MC9,"Jessica Simpson","Jessica Simpson Zembitti Western Knee Boot, Chili Pepper, 11",179.00,36.99,79,https://thefashiondeals.com/deal/jessica-simpson-zembitti-western-knee-boot-chili-pepper-11-b0f1dp1mc9?utm_source=weekly_index_csv,"2026-09-17 12:00:58"
B0FQG1RG95,LifeStride,"LifeStride Women's Florence Bow Heeled Sandal Ice Blue 5.5 M",89.99,18.89,79,https://thefashiondeals.com/deal/lifestride-womens-florence-bow-heeled-sandal-ice-blue-55-m-b0fqg1rg95?utm_source=weekly_index_csv,"2026-09-17 12:02:36"
B0FLF8NGXZ,"La Blanca","La Blanca Women's Island Goddess Asymmetrical Skirted Swimsuit Bottom, Lapis, 16",89.00,18.49,79,https://thefashiondeals.com/deal/la-blanca-womens-island-goddess-asymmetrical-skirted-swimsuit-bottom-lapis-16-b0flf8ngxz?utm_source=weekly_index_csv,"2026-09-17 12:03:07"
B0FGDTSPZ6,"Vince Camuto","Vince Camuto, Women's, Arlette Slip-On Flat Mule, Camel/Black, 5.5, Medium",110.00,23.10,79,https://thefashiondeals.com/deal/vince-camuto-womens-arlette-slip-on-flat-mule-camelblack-55-medium-b0fgdtspz6?utm_source=weekly_index_csv,"2026-09-17 12:00:59"
B0F1DP12W4,"Jessica Simpson","Jessica Simpson Zembitti Western Knee Boot, Chili Pepper, 8",179.00,37.59,79,https://thefashiondeals.com/deal/jessica-simpson-zembitti-western-knee-boot-chili-pepper-8-b0f1dp12w4?utm_source=weekly_index_csv,"2026-09-17 12:00:58"
B0FFTPTP3Z,"Jessica Simpson","Jessica Simpson Xia High Heel Mule, Toasted Pecan, 5.5",99.00,21.57,78,https://thefashiondeals.com/deal/jessica-simpson-xia-high-heel-mule-toasted-pecan-55-b0fftptp3z?utm_source=weekly_index_csv,"2026-09-17 12:01:23"
B0FN13CKRC,"Jessica Simpson","Jessica Simpson Favica Embellished Buckle High Heel Mule, Black, 11",109.00,24.29,78,https://thefashiondeals.com/deal/jessica-simpson-favica-embellished-buckle-high-heel-mule-black-11-b0fn13ckrc?utm_source=weekly_index_csv,"2026-09-17 12:01:11"
B0G4K7LWZD,Disney,"Disney Lilo & Stitch Boys Swim Set – 2‑Piece Elastic Rash Guard Shirt & Swim Trunks, Blue, UPF 50+, 12‑18 Months",45.99,9.99,78,https://thefashiondeals.com/deal/disney-lilo-stitch-boys-swim-set-boy-2-piece-swimsuit-elastic-bathing-suit-swimwear-set-summer-rash-guard-shirt-swim-b0g4k7lwzd?utm_source=weekly_index_csv,"2026-09-17 12:01:23"
B0G4K7RLDJ,Disney,"Disney Lilo & Stitch Boys Swim Set Green Rash Guard & Trunks UPF 50+ Quick-Dry 2-Piece Beach Outfit",45.99,9.99,78,https://thefashiondeals.com/deal/disney-lilo-stitch-boys-swim-set-child-quick-dry-swimsuit-green-elastic-bathing-suit-swimwear-set-summer-rash-guard-sh-b0g4k7rldj?utm_source=weekly_index_csv,"2026-09-17 12:00:53"
B0GTQ63M9M,Sweetyweee,"Sweetyweee 3 Pack Womens Maternity Shorts, 3-Color, Medium",35.99,8.29,77,https://thefashiondeals.com/deal/sweetyweee-3-pack-womens-maternity-shorts-3-color-medium-b0gtq63m9m?utm_source=weekly_index_csv,"2026-09-17 13:00:29"
B0DK829TZR,Keds,"Keds Womens Champion Leather Lace Up White/Black Dalmata Leather 5 Medium",64.95,14.96,77,https://thefashiondeals.com/deal/keds-womens-champion-leather-lace-up-whiteblack-dalmata-leather-5-medium-b0dk829tzr?utm_source=weekly_index_csv,"2026-09-17 12:01:28"
B0FX8SHKMQ,INCERUN,"INCERUN Mens Swim Trunks with Compression Liner Quick Dry Bathing Suit Waterproof 2 in 1 Swimming Beach Board Shorts Swimwear Swimsuit for Men with 3 Zipper Pockets Blue XX-Large",29.99,6.99,77,https://thefashiondeals.com/deal/incerun-mens-swim-trunks-with-compression-liner-quick-dry-bathing-suit-waterproof-2-in-1-swimming-beach-board-shorts-swi-b0fx8shkmq?utm_source=weekly_index_csv,"2026-09-17 09:56:22"
B0F1DSHYQG,"Jessica Simpson","Jessica Simpson Soltiea Ankle Strap Pump, Black, 11",99.00,22.99,77,https://thefashiondeals.com/deal/jessica-simpson-soltiea-ankle-strap-pump-black-11-b0f1dshyqg?utm_source=weekly_index_csv,"2026-09-17 12:01:34"
B0FX8PCWQ4,INCERUN,"INCERUN Men's Swim Trunks with Compression Liner – Quick‑Dry Waterproof 2‑in‑1 Board Shorts with 3 Zipper Pockets, Black Camo, XX‑Large",29.99,6.99,77,https://thefashiondeals.com/deal/incerun-mens-swim-trunks-with-compression-liner-quick-dry-bathing-suit-waterproof-2-in-1-swimming-beach-board-shorts-swi-b0fx8pcwq4?utm_source=weekly_index_csv,"2026-09-17 09:56:29"
B09JBC4SZB,Samsung,"Samsung Galaxy Watch 4 Classic 42mm Smartwatch with ECG Monitor and GPS - Black (Renewed)",329.58,79.88,76,https://thefashiondeals.com/deal/samsung-galaxy-watch-4-classic-42mm-smartwatch-with-ecg-monitor-tracker-for-health-fitness-running-sleep-cycles-gps-fall-b09jbc4szb?utm_source=weekly_index_csv,"2026-09-17 10:01:13"
B0G92CJRQS,SPVISE,"SPVISE Men's Athletic Compression Pants - Royal Blue Active Tights with Phone Pockets for Football, Basketball, and Hiking",10.78,2.56,76,https://thefashiondeals.com/deal/spvise-royal-blue-mens-athletic-compression-pants-with-phone-pockets-active-tights-leggings-for-football-basketball-hik-b0g92cjrqs?utm_source=weekly_index_csv,"2026-09-17 12:56:50"
B0D3FDC4D8,"Cicy Bell","Cicy Bell Women's Hollow Out Maxi Skirt – High Waisted Boho Fringe Hem, Summer Khaki Long Skirt",62.99,14.99,76,https://thefashiondeals.com/deal/cicy-bell-womens-hollow-out-maxi-skirts-summer-high-waisted-boho-fringe-hem-long-skirt-khaki-b0d3fdc4d8?utm_source=weekly_index_csv,"2026-09-13 13:58:20"
B0GH6S6G8S,JoyMotion,"JoyMotion Men's Workout Hooded Tank Top 3‑Pack – XX‑Large, 3 Colors",36.99,8.99,76,https://thefashiondeals.com/deal/joymotion-3-pack-mens-workout-hooded-tank-tops-3-color-xx-large-b0gh6s6g8s?utm_source=weekly_index_csv,"2026-09-17 12:53:22"
B0DP2TCZV3,Neer,"Neer 2 Pack Women's Linen Pants with Pocket, 2-Color, X-Large",45.99,11.29,75,https://thefashiondeals.com/deal/neer-2-pack-womens-linen-pants-with-pocket-2-color-x-large-b0dp2tczv3?utm_source=weekly_index_csv,"2026-09-17 12:08:38"
B0FW17Y6XM,"Vince Camuto","Vince Camuto Womens Catisha Ballet Flat Coconut Cream 10",110.00,27.97,75,https://thefashiondeals.com/deal/vince-camuto-womens-catisha-ballet-flat-coconut-cream-10-b0fw17y6xm?utm_source=weekly_index_csv,"2026-09-17 12:02:11"
B0DRF5R9F9,ZITY,"ZITY Men’s Golf Shirt – Short Sleeve Print Pattern Performance Polo with Moisture‑Wicking Fabric",39.99,9.99,75,https://thefashiondeals.com/deal/zity-mens-golf-shirts-short-sleeve-print-patterns-performance-moisture-wicking-polo-shirt-b0drf5r9f9?utm_source=weekly_index_csv,"2026-09-17 12:02:31"
B0971KF923,Reebok,"Reebok Classic Leather Sneakers for Men, Footwear White/Footwear White/Pure Grey3, 3.5",85.00,21.24,75,https://thefashiondeals.com/deal/reebok-classic-leather-sneakers-for-men-footwear-white-footwear-white-pure-grey3-3-5-b0971kf923?utm_source=weekly_index_csv,"2026-09-17 10:29:13"
B0G33G2SPY,SUUKSESS,"SUUKSESS Halter Workout Top for women Backless Tank with Adjustable Strap",38.95,9.95,74,https://thefashiondeals.com/deal/suuksess-halter-workout-top-for-women-backless-tank-with-adjustable-strap-b0g33g2spy?utm_source=weekly_index_csv,"2026-09-17 12:02:37"
B01BCPGWX0,IZOD,"IZOD Junior's Uniform Stretch Twill Skinny Pant, Navy, 5",44.00,11.65,74,https://thefashiondeals.com/deal/izod-juniors-uniform-stretch-twill-skinny-pant-navy-5-b01bcpgwx0?utm_source=weekly_index_csv,"2026-09-17 12:02:10"
B0FFTPM1PZ,"Jessica Simpson","Jessica Simpson Xia High Heel Mule, Black, 5.5",99.00,26.16,74,https://thefashiondeals.com/deal/jessica-simpson-xia-high-heel-mule-black-55-b0fftpm1pz?utm_source=weekly_index_csv,"2026-09-17 12:02:31"
B0G4XFNVPZ,"WHITE MOUNTAIN","WHITE MOUNTAIN Women's Wallace Moc Penny Loafer, Sand/Smooth, 6.5 M",89.00,23.48,74,https://thefashiondeals.com/deal/white-mountain-womens-wallace-moc-penny-loafer-sandsmooth-65-m-b0g4xfnvpz?utm_source=weekly_index_csv,"2026-09-17 12:07:25"
B076V6FLTV,Columbia,"Columbia Women's Glacial IV Half Zip Fleece Jacket – Warm Black Fleece, Medium",55.00,14.30,74,https://thefashiondeals.com/deal/columbia-womens-glacial-iv-half-zip-fleece-jacket-black-medium-b076v6fltv?utm_source=weekly_index_csv,"2026-09-17 15:28:59"
B0GLQ3PJQX,Oakgarden,"Oakgarden Girls Gingham Wide Leg Pants – Orange Pink, Size 13-14",18.99,4.99,74,https://thefashiondeals.com/deal/oakgarden-girls-gingham-wide-leg-pants-orange-pink-13-14-years-b0glq3pjqx?utm_source=weekly_index_csv,"2026-09-17 10:01:12"
B0C4V1LBD1,Florsheim,"Florsheim Croquet Penny Jr Boys' Toddler-Youth Slip On, 10 W US Toddler, Black",65.95,18.00,73,https://thefashiondeals.com/deal/florsheim-croquet-penny-jr-boys-toddler-youth-slip-on-10-w-us-toddler-black-b0c4v1lbd1?utm_source=weekly_index_csv,"2026-09-17 13:15:52"
B0DPGJZHH3,"Lucky Brand","Lucky Brand Women's Biricha Floral Flat Sandals, Tusk, 8.5 Medium",89.00,24.13,73,https://thefashiondeals.com/deal/lucky-brand-womens-biricha-floral-flat-sandals-tusk-85-medium-b0dpgjzhh3?utm_source=weekly_index_csv,"2026-09-17 12:02:57"
